Date,Sales,DayOfWeek,Customers,Open,Promo,StateHoliday,SchoolHoliday,StoreType,Assortment,CompetitionDistance,CompetitionOpenSinceMonth,CompetitionOpenSinceYear,Promo2
2015-07-31,5263,5,555,1,1,0,1,c,a,1270,9,2008,0
2015-07-30,5020,4,546,1,1,0,1,c,a,1270,9,2008,0
2015-07-29,4782,3,523,1,1,0,1,c,a,1270,9,2008,0
2015-07-28,5011,2,560,1,1,0,1,c,a,1270,9,2008,0
2015-07-27,6102,1,612,1,1,0,1,c,a,1270,9,2008,0
2015-07-25,4364,6,500,1,0,0,0,c,a,1270,9,2008,0
2015-07-24,3706,5,459,1,0,0,0,c,a,1270,9,2008,0
2015-07-23,3769,4,503,1,0,0,0,c,a,1270,9,2008,0
2015-07-22,3464,3,463,1,0,0,0,c,a,1270,9,2008,0
2015-07-21,3558,2,469,1,0,0,0,c,a,1270,9,2008,0
2015-07-20,4395,1,526,1,0,0,0,c,a,1270,9,2008,0
2015-07-18,4406,6,512,1,0,0,0,c,a,1270,9,2008,0
2015-07-17,4852,5,519,1,1,0,0,c,a,1270,9,2008,0
2015-07-16,4427,4,517,1,1,0,0,c,a,1270,9,2008,0
2015-07-15,4767,3,550,1,1,0,0,c,a,1270,9,2008,0
2015-07-14,5042,2,544,1,1,0,0,c,a,1270,9,2008,0
2015-07-13,5054,1,553,1,1,0,0,c,a,1270,9,2008,0
2015-07-11,3530,6,441,1,0,0,0,c,a,1270,9,2008,0
2015-07-10,3808,5,449,1,0,0,0,c,a,1270,9,2008,0
2015-07-09,3897,4,480,1,0,0,0,c,a,1270,9,2008,0
2015-07-08,3797,3,485,1,0,0,0,c,a,1270,9,2008,0
2015-07-07,3650,2,485,1,0,0,0,c,a,1270,9,2008,0
2015-07-06,4359,1,540,1,0,0,0,c,a,1270,9,2008,0
2015-07-04,4797,6,560,1,0,0,0,c,a,1270,9,2008,0
2015-07-03,4665,5,538,1,1,0,0,c,a,1270,9,2008,0
2015-07-02,5558,4,573,1,1,0,0,c,a,1270,9,2008,0
2015-07-01,5223,3,562,1,1,0,0,c,a,1270,9,2008,0
2015-06-30,5735,2,568,1,1,0,0,c,a,1270,9,2008,0
2015-06-29,5197,1,541,1,1,0,0,c,a,1270,9,2008,0
2015-06-27,4019,6,463,1,0,0,0,c,a,1270,9,2008,0
2015-06-26,3317,5,420,1,0,0,0,c,a,1270,9,2008,0
2015-06-25,3533,4,433,1,0,0,0,c,a,1270,9,2008,0
2015-06-24,3346,3,414,1,0,0,0,c,a,1270,9,2008,0
2015-06-23,3762,2,447,1,0,0,0,c,a,1270,9,2008,0
2015-06-22,3846,1,489,1,0,0,0,c,a,1270,9,2008,0
2015-06-20,4097,6,494,1,0,0,0,c,a,1270,9,2008,0
2015-06-19,4202,5,487,1,1,0,0,c,a,1270,9,2008,0
2015-06-18,4645,4,498,1,1,0,0,c,a,1270,9,2008,0
2015-06-17,4000,3,476,1,1,0,0,c,a,1270,9,2008,0
2015-06-16,4852,2,503,1,1,0,0,c,a,1270,9,2008,0
2015-06-15,5518,1,586,1,1,0,0,c,a,1270,9,2008,0
2015-06-13,4256,6,502,1,0,0,0,c,a,1270,9,2008,0
2015-06-12,3695,5,422,1,0,0,0,c,a,1270,9,2008,0
2015-06-11,3627,4,442,1,0,0,0,c,a,1270,9,2008,0
2015-06-10,3591,3,453,1,0,0,0,c,a,1270,9,2008,0
2015-06-09,4102,2,485,1,0,0,0,c,a,1270,9,2008,0
2015-06-08,4071,1,502,1,0,0,0,c,a,1270,9,2008,0
2015-06-06,4183,6,460,1,0,0,0,c,a,1270,9,2008,0
2015-06-05,5384,5,609,1,1,0,0,c,a,1270,9,2008,0
2015-06-03,5809,3,616,1,1,0,0,c,a,1270,9,2008,0
2015-06-02,5450,2,590,1,1,0,0,c,a,1270,9,2008,0
2015-06-01,5774,1,607,1,1,0,0,c,a,1270,9,2008,0
2015-05-30,5592,6,580,1,0,0,0,c,a,1270,9,2008,0
2015-05-29,4656,5,537,1,0,0,0,c,a,1270,9,2008,0
2015-05-28,4111,4,474,1,0,0,0,c,a,1270,9,2008,0
2015-05-27,4083,3,497,1,0,0,0,c,a,1270,9,2008,0
2015-05-26,4211,2,479,1,0,0,0,c,a,1270,9,2008,0
2015-05-23,4276,6,506,1,0,0,0,c,a,1270,9,2008,0
2015-05-22,4459,5,495,1,1,0,0,c,a,1270,9,2008,0
2015-05-21,3755,4,471,1,1,0,0,c,a,1270,9,2008,0
2015-05-20,4735,3,533,1,1,0,0,c,a,1270,9,2008,0
2015-05-19,5235,2,546,1,1,0,0,c,a,1270,9,2008,0
2015-05-18,5280,1,577,1,1,0,0,c,a,1270,9,2008,0
2015-05-16,4431,6,505,1,0,0,0,c,a,1270,9,2008,0
2015-05-15,4178,5,523,1,0,0,0,c,a,1270,9,2008,0
2015-05-13,3998,3,523,1,0,0,0,c,a,1270,9,2008,0
2015-05-12,3547,2,438,1,0,0,0,c,a,1270,9,2008,0
2015-05-11,3551,1,453,1,0,0,0,c,a,1270,9,2008,0
2015-05-09,4945,6,596,1,0,0,0,c,a,1270,9,2008,0
2015-05-08,4683,5,536,1,1,0,0,c,a,1270,9,2008,0
2015-05-07,4529,4,491,1,1,0,0,c,a,1270,9,2008,0
2015-05-06,4960,3,536,1,1,0,0,c,a,1270,9,2008,0
2015-05-05,4564,2,514,1,1,0,0,c,a,1270,9,2008,0
2015-05-04,5591,1,589,1,1,0,0,c,a,1270,9,2008,0
2015-05-02,5850,6,653,1,0,0,0,c,a,1270,9,2008,0
2015-04-30,6228,4,650,1,1,0,0,c,a,1270,9,2008,0
2015-04-29,5775,3,579,1,1,0,0,c,a,1270,9,2008,0
2015-04-28,5199,2,552,1,1,0,0,c,a,1270,9,2008,0
2015-04-27,5575,1,574,1,1,0,0,c,a,1270,9,2008,0
2015-04-25,4318,6,537,1,0,0,0,c,a,1270,9,2008,0
2015-04-24,3198,5,437,1,0,0,0,c,a,1270,9,2008,0
2015-04-23,3076,4,426,1,0,0,0,c,a,1270,9,2008,0
2015-04-22,3319,3,411,1,0,0,0,c,a,1270,9,2008,0
2015-04-21,3037,2,416,1,0,0,0,c,a,1270,9,2008,0
2015-04-20,3722,1,480,1,0,0,0,c,a,1270,9,2008,0
2015-04-18,4594,6,544,1,0,0,0,c,a,1270,9,2008,0
2015-04-17,4718,5,511,1,1,0,0,c,a,1270,9,2008,0
2015-04-16,4116,4,480,1,1,0,0,c,a,1270,9,2008,0
2015-04-15,4110,3,501,1,1,0,0,c,a,1270,9,2008,0
2015-04-14,4648,2,535,1,1,0,0,c,a,1270,9,2008,0
2015-04-13,5377,1,574,1,1,0,0,c,a,1270,9,2008,0
2015-04-11,4173,6,525,1,0,0,0,c,a,1270,9,2008,0
2015-04-10,3549,5,428,1,0,0,1,c,a,1270,9,2008,0
2015-04-09,3467,4,430,1,0,0,1,c,a,1270,9,2008,0
2015-04-08,4194,3,500,1,0,0,1,c,a,1270,9,2008,0
2015-04-07,4163,2,555,1,0,0,1,c,a,1270,9,2008,0
2015-04-04,6709,6,796,1,0,0,1,c,a,1270,9,2008,0
2015-04-02,6574,4,722,1,1,0,1,c,a,1270,9,2008,0
2015-04-01,6816,3,707,1,1,0,1,c,a,1270,9,2008,0
2015-03-31,6206,2,589,1,1,0,1,c,a,1270,9,2008,0
2015-03-30,6714,1,697,1,1,0,1,c,a,1270,9,2008,0
2015-03-28,5208,6,605,1,0,0,0,c,a,1270,9,2008,0
2015-03-27,4005,5,529,1,0,0,0,c,a,1270,9,2008,0
2015-03-26,3932,4,490,1,0,0,0,c,a,1270,9,2008,0
2015-03-25,3531,3,447,1,0,0,0,c,a,1270,9,2008,0
2015-03-24,3547,2,464,1,0,0,0,c,a,1270,9,2008,0
2015-03-23,3565,1,495,1,0,0,0,c,a,1270,9,2008,0
2015-03-21,3909,6,506,1,0,0,0,c,a,1270,9,2008,0
2015-03-20,4057,5,472,1,1,0,0,c,a,1270,9,2008,0
2015-03-19,4748,4,535,1,1,0,0,c,a,1270,9,2008,0
2015-03-18,3858,3,504,1,1,0,0,c,a,1270,9,2008,0
2015-03-17,4806,2,555,1,1,0,0,c,a,1270,9,2008,0
2015-03-16,5695,1,605,1,1,0,0,c,a,1270,9,2008,0
2015-03-14,5225,6,599,1,0,0,0,c,a,1270,9,2008,0
2015-03-13,3725,5,493,1,0,0,0,c,a,1270,9,2008,0
2015-03-12,3141,4,405,1,0,0,0,c,a,1270,9,2008,0
2015-03-11,4170,3,521,1,0,0,0,c,a,1270,9,2008,0
2015-03-10,3805,2,491,1,0,0,0,c,a,1270,9,2008,0
2015-03-09,3701,1,485,1,0,0,0,c,a,1270,9,2008,0
2015-03-07,4592,6,570,1,0,0,0,c,a,1270,9,2008,0
2015-03-06,5397,5,579,1,1,0,0,c,a,1270,9,2008,0
2015-03-05,4419,4,534,1,1,0,0,c,a,1270,9,2008,0
2015-03-04,5568,3,597,1,1,0,0,c,a,1270,9,2008,0
2015-03-03,5451,2,576,1,1,0,0,c,a,1270,9,2008,0
2015-03-02,5942,1,669,1,1,0,0,c,a,1270,9,2008,0
2015-02-28,5289,6,640,1,0,0,0,c,a,1270,9,2008,0
2015-02-27,4708,5,542,1,0,0,0,c,a,1270,9,2008,0
2015-02-26,4042,4,489,1,0,0,0,c,a,1270,9,2008,0
2015-02-25,3875,3,512,1,0,0,0,c,a,1270,9,2008,0
2015-02-24,4054,2,500,1,0,0,0,c,a,1270,9,2008,0
2015-02-23,3598,1,454,1,0,0,0,c,a,1270,9,2008,0
2015-02-21,4475,6,547,1,0,0,0,c,a,1270,9,2008,0
2015-02-20,4651,5,548,1,1,0,0,c,a,1270,9,2008,0
2015-02-19,4460,4,507,1,1,0,0,c,a,1270,9,2008,0
2015-02-18,4180,3,509,1,1,0,0,c,a,1270,9,2008,0
2015-02-17,4833,2,512,1,1,0,0,c,a,1270,9,2008,0
2015-02-16,4303,1,478,1,1,0,0,c,a,1270,9,2008,0
2015-02-14,5015,6,624,1,0,0,0,c,a,1270,9,2008,0
2015-02-13,4726,5,630,1,0,0,0,c,a,1270,9,2008,0
2015-02-12,3900,4,477,1,0,0,0,c,a,1270,9,2008,0
2015-02-11,3735,3,501,1,0,0,0,c,a,1270,9,2008,0
2015-02-10,3136,2,419,1,0,0,0,c,a,1270,9,2008,0
2015-02-09,3965,1,501,1,0,0,0,c,a,1270,9,2008,0
2015-02-07,4663,6,599,1,0,0,0,c,a,1270,9,2008,0
2015-02-06,5022,5,604,1,1,0,0,c,a,1270,9,2008,0
2015-02-05,4394,4,551,1,1,0,0,c,a,1270,9,2008,0
2015-02-04,4672,3,544,1,1,0,0,c,a,1270,9,2008,0
2015-02-03,4901,2,596,1,1,0,0,c,a,1270,9,2008,0
2015-02-02,6038,1,669,1,1,0,0,c,a,1270,9,2008,0
2015-01-31,5363,6,638,1,0,0,0,c,a,1270,9,2008,0
2015-01-30,5577,5,616,1,1,0,0,c,a,1270,9,2008,0
2015-01-29,5171,4,573,1,1,0,0,c,a,1270,9,2008,0
2015-01-28,4310,3,537,1,1,0,0,c,a,1270,9,2008,0
2015-01-27,4806,2,532,1,1,0,0,c,a,1270,9,2008,0
2015-01-26,4781,1,566,1,1,0,0,c,a,1270,9,2008,0
2015-01-24,4840,6,600,1,0,0,0,c,a,1270,9,2008,0
2015-01-23,3586,5,489,1,0,0,0,c,a,1270,9,2008,0
2015-01-22,3492,4,493,1,0,0,0,c,a,1270,9,2008,0
2015-01-21,3299,3,460,1,0,0,0,c,a,1270,9,2008,0
2015-01-20,3680,2,462,1,0,0,0,c,a,1270,9,2008,0
2015-01-19,3721,1,480,1,0,0,0,c,a,1270,9,2008,0
2015-01-17,5255,6,622,1,0,0,0,c,a,1270,9,2008,0
2015-01-16,4161,5,524,1,1,0,0,c,a,1270,9,2008,0
2015-01-15,4295,4,517,1,1,0,0,c,a,1270,9,2008,0
2015-01-14,4541,3,545,1,1,0,0,c,a,1270,9,2008,0
2015-01-13,4924,2,564,1,1,0,0,c,a,1270,9,2008,0
2015-01-12,5346,1,590,1,1,0,0,c,a,1270,9,2008,0
2015-01-10,4599,6,566,1,0,0,0,c,a,1270,9,2008,0
2015-01-09,3998,5,494,1,1,0,1,c,a,1270,9,2008,0
2015-01-08,3716,4,457,1,1,0,1,c,a,1270,9,2008,0
2015-01-07,4796,3,603,1,1,0,1,c,a,1270,9,2008,0
2015-01-06,4574,2,595,1,1,0,1,c,a,1270,9,2008,0
2015-01-05,6239,1,712,1,1,0,1,c,a,1270,9,2008,0
2015-01-03,5023,6,645,1,0,0,1,c,a,1270,9,2008,0
2015-01-02,5509,5,657,1,0,0,1,c,a,1270,9,2008,0
2014-12-31,2605,3,327,1,0,0,1,c,a,1270,9,2008,0
2014-12-30,6466,2,703,1,0,0,1,c,a,1270,9,2008,0
2014-12-29,6463,1,700,1,0,0,1,c,a,1270,9,2008,0
2014-12-27,6057,6,684,1,0,0,1,c,a,1270,9,2008,0
2014-12-24,3659,3,421,1,0,0,1,c,a,1270,9,2008,0
2014-12-23,7959,2,957,1,0,0,1,c,a,1270,9,2008,0
2014-12-22,9331,1,1080,1,0,0,1,c,a,1270,9,2008,0
2014-12-20,8367,6,962,1,0,0,0,c,a,1270,9,2008,0
2014-12-19,7558,5,884,1,1,0,0,c,a,1270,9,2008,0
2014-12-18,7785,4,841,1,1,0,0,c,a,1270,9,2008,0
2014-12-17,7523,3,791,1,1,0,0,c,a,1270,9,2008,0
2014-12-16,7739,2,823,1,1,0,0,c,a,1270,9,2008,0
2014-12-15,8069,1,871,1,1,0,0,c,a,1270,9,2008,0
2014-12-13,7263,6,850,1,0,0,0,c,a,1270,9,2008,0
2014-12-12,5269,5,617,1,0,0,0,c,a,1270,9,2008,0
2014-12-11,5060,4,587,1,0,0,0,c,a,1270,9,2008,0
2014-12-10,4915,3,619,1,0,0,0,c,a,1270,9,2008,0
2014-12-09,4345,2,559,1,0,0,0,c,a,1270,9,2008,0
2014-12-08,4884,1,610,1,0,0,0,c,a,1270,9,2008,0
2014-12-06,6185,6,746,1,0,0,0,c,a,1270,9,2008,0
2014-12-05,6207,5,712,1,1,0,0,c,a,1270,9,2008,0
2014-12-04,7016,4,681,1,1,0,0,c,a,1270,9,2008,0
2014-12-03,6454,3,695,1,1,0,0,c,a,1270,9,2008,0
2014-12-02,6467,2,717,1,1,0,0,c,a,1270,9,2008,0
2014-12-01,7380,1,723,1,1,0,0,c,a,1270,9,2008,0
2014-11-29,7066,6,749,1,0,0,0,c,a,1270,9,2008,0
2014-11-28,7195,5,711,1,1,0,0,c,a,1270,9,2008,0
2014-11-27,6144,4,668,1,1,0,0,c,a,1270,9,2008,0
2014-11-26,5328,3,611,1,1,0,0,c,a,1270,9,2008,0
2014-11-25,5815,2,610,1,1,0,0,c,a,1270,9,2008,0
2014-11-24,6527,1,694,1,1,0,0,c,a,1270,9,2008,0
2014-11-22,5849,6,678,1,0,0,0,c,a,1270,9,2008,0
2014-11-21,4594,5,570,1,0,0,0,c,a,1270,9,2008,0
2014-11-20,4963,4,635,1,0,0,0,c,a,1270,9,2008,0
2014-11-19,3894,3,494,1,0,0,0,c,a,1270,9,2008,0
2014-11-18,3890,2,529,1,0,0,0,c,a,1270,9,2008,0
2014-11-17,3582,1,491,1,0,0,0,c,a,1270,9,2008,0
2014-11-15,4967,6,614,1,0,0,0,c,a,1270,9,2008,0
2014-11-14,5334,5,603,1,1,0,0,c,a,1270,9,2008,0
2014-11-13,3869,4,471,1,1,0,0,c,a,1270,9,2008,0
2014-11-12,4677,3,533,1,1,0,0,c,a,1270,9,2008,0
2014-11-11,4479,2,555,1,1,0,0,c,a,1270,9,2008,0
2014-11-10,5474,1,578,1,1,0,0,c,a,1270,9,2008,0
2014-11-08,4720,6,546,1,0,0,0,c,a,1270,9,2008,0
2014-11-07,5220,5,582,1,1,0,0,c,a,1270,9,2008,0
2014-11-06,4785,4,527,1,1,0,0,c,a,1270,9,2008,0
2014-11-05,4838,3,539,1,1,0,0,c,a,1270,9,2008,0
2014-11-04,5253,2,586,1,1,0,0,c,a,1270,9,2008,0
2014-11-03,5857,1,625,1,1,0,0,c,a,1270,9,2008,0
2014-11-01,6532,6,731,1,0,0,0,c,a,1270,9,2008,0
2014-10-31,4161,5,512,1,0,0,1,c,a,1270,9,2008,0
2014-10-30,4042,4,492,1,0,0,1,c,a,1270,9,2008,0
2014-10-29,3761,3,449,1,0,0,1,c,a,1270,9,2008,0
2014-10-28,3364,2,439,1,0,0,1,c,a,1270,9,2008,0
2014-10-27,4260,1,475,1,0,0,1,c,a,1270,9,2008,0
2014-10-25,4596,6,539,1,0,0,1,c,a,1270,9,2008,0
2014-10-24,4196,5,495,1,1,0,1,c,a,1270,9,2008,0
2014-10-23,4466,4,476,1,1,0,1,c,a,1270,9,2008,0
2014-10-22,4868,3,566,1,1,0,1,c,a,1270,9,2008,0
2014-10-21,4678,2,547,1,1,0,1,c,a,1270,9,2008,0
2014-10-20,4652,1,560,1,1,0,1,c,a,1270,9,2008,0
2014-10-18,4169,6,497,1,0,0,0,c,a,1270,9,2008,0
2014-10-17,3720,5,500,1,0,0,0,c,a,1270,9,2008,0
2014-10-16,3430,4,436,1,0,0,0,c,a,1270,9,2008,0
2014-10-15,3775,3,451,1,0,0,0,c,a,1270,9,2008,0
2014-10-14,3681,2,476,1,0,0,0,c,a,1270,9,2008,0
2014-10-13,4033,1,492,1,0,0,0,c,a,1270,9,2008,0
2014-10-11,4743,6,557,1,0,0,0,c,a,1270,9,2008,0
2014-10-10,4396,5,539,1,1,0,0,c,a,1270,9,2008,0
2014-10-09,4654,4,527,1,1,0,0,c,a,1270,9,2008,0
2014-10-08,4944,3,518,1,1,0,0,c,a,1270,9,2008,0
2014-10-07,5439,2,556,1,1,0,0,c,a,1270,9,2008,0
2014-10-06,5402,1,608,1,1,0,0,c,a,1270,9,2008,0
2014-10-04,5355,6,621,1,0,0,0,c,a,1270,9,2008,0
2014-10-02,5400,4,601,1,1,0,0,c,a,1270,9,2008,0
2014-10-01,4712,3,554,1,1,0,0,c,a,1270,9,2008,0
2014-09-30,4919,2,550,1,1,0,0,c,a,1270,9,2008,0
2014-09-29,5280,1,566,1,1,0,0,c,a,1270,9,2008,0
2014-09-27,3914,6,464,1,0,0,0,c,a,1270,9,2008,0
2014-09-26,3518,5,442,1,0,0,0,c,a,1270,9,2008,0
2014-09-25,2462,4,378,1,0,0,0,c,a,1270,9,2008,0
2014-09-24,3405,3,465,1,0,0,0,c,a,1270,9,2008,0
2014-09-23,3407,2,437,1,0,0,0,c,a,1270,9,2008,0
2014-09-22,3982,1,466,1,0,0,0,c,a,1270,9,2008,0
2014-09-20,3911,6,500,1,0,0,0,c,a,1270,9,2008,0
2014-09-19,4128,5,485,1,1,0,0,c,a,1270,9,2008,0
2014-09-18,3740,4,447,1,1,0,0,c,a,1270,9,2008,0
2014-09-17,4383,3,490,1,1,0,0,c,a,1270,9,2008,0
2014-09-16,4381,2,511,1,1,0,0,c,a,1270,9,2008,0
2014-09-15,4611,1,545,1,1,0,0,c,a,1270,9,2008,0
2014-09-13,4270,6,508,1,0,0,0,c,a,1270,9,2008,0
2014-09-12,3906,5,501,1,0,0,0,c,a,1270,9,2008,0
2014-09-11,3392,4,437,1,0,0,0,c,a,1270,9,2008,0
2014-09-10,3275,3,448,1,0,0,0,c,a,1270,9,2008,0
2014-09-09,3377,2,439,1,0,0,0,c,a,1270,9,2008,0
2014-09-08,3676,1,530,1,0,0,0,c,a,1270,9,2008,0
2014-09-06,3959,6,515,1,0,0,0,c,a,1270,9,2008,0
2014-09-05,4706,5,553,1,1,0,1,c,a,1270,9,2008,0
2014-09-04,4346,4,507,1,1,0,1,c,a,1270,9,2008,0
2014-09-03,4978,3,539,1,1,0,1,c,a,1270,9,2008,0
2014-09-02,5008,2,564,1,1,0,1,c,a,1270,9,2008,0
2014-09-01,5464,1,561,1,1,0,1,c,a,1270,9,2008,0
2014-08-30,4094,6,518,1,0,0,1,c,a,1270,9,2008,0
2014-08-29,3869,5,439,1,0,0,1,c,a,1270,9,2008,0
2014-08-28,3920,4,467,1,0,0,1,c,a,1270,9,2008,0
2014-08-27,3148,3,421,1,0,0,1,c,a,1270,9,2008,0
2014-08-26,3396,2,460,1,0,0,1,c,a,1270,9,2008,0
2014-08-25,3414,1,449,1,0,0,1,c,a,1270,9,2008,0
2014-08-23,3582,6,469,1,0,0,1,c,a,1270,9,2008,0
2014-08-22,3971,5,461,1,1,0,1,c,a,1270,9,2008,0
2014-08-21,4327,4,484,1,1,0,1,c,a,1270,9,2008,0
2014-08-20,4280,3,467,1,1,0,1,c,a,1270,9,2008,0
2014-08-19,5190,2,528,1,1,0,1,c,a,1270,9,2008,0
2014-08-18,5623,1,598,1,1,0,1,c,a,1270,9,2008,0
2014-08-16,4425,6,544,1,0,0,1,c,a,1270,9,2008,0
2014-08-15,3746,5,479,1,0,0,1,c,a,1270,9,2008,0
2014-08-14,3906,4,481,1,0,0,1,c,a,1270,9,2008,0
2014-08-13,4069,3,496,1,0,0,1,c,a,1270,9,2008,0
2014-08-12,3185,2,421,1,0,0,1,c,a,1270,9,2008,0
2014-08-11,3886,1,505,1,0,0,1,c,a,1270,9,2008,0
2014-08-09,4174,6,504,1,0,0,1,c,a,1270,9,2008,0
2014-08-08,4451,5,503,1,1,0,1,c,a,1270,9,2008,0
2014-08-07,4154,4,480,1,1,0,1,c,a,1270,9,2008,0
2014-08-06,5337,3,575,1,1,0,1,c,a,1270,9,2008,0
2014-08-05,5433,2,620,1,1,0,1,c,a,1270,9,2008,0
2014-08-04,5655,1,592,1,1,0,1,c,a,1270,9,2008,0
2014-08-02,4731,6,555,1,0,0,1,c,a,1270,9,2008,0
2014-08-01,5038,5,572,1,1,0,1,c,a,1270,9,2008,0
2014-07-31,5106,4,575,1,1,0,0,c,a,1270,9,2008,0
2014-07-30,5487,3,587,1,1,0,1,c,a,1270,9,2008,0
2014-07-29,5252,2,591,1,1,0,1,c,a,1270,9,2008,0
2014-07-28,5372,1,584,1,1,0,1,c,a,1270,9,2008,0
2014-07-26,4266,6,488,1,0,0,0,c,a,1270,9,2008,0
2014-07-25,3858,5,461,1,0,0,0,c,a,1270,9,2008,0
2014-07-24,3557,4,494,1,0,0,0,c,a,1270,9,2008,0
2014-07-23,3806,3,476,1,0,0,0,c,a,1270,9,2008,0
2014-07-22,3933,2,495,1,0,0,0,c,a,1270,9,2008,0
2014-07-21,4507,1,528,1,0,0,0,c,a,1270,9,2008,0
2014-07-19,4084,6,477,1,0,0,0,c,a,1270,9,2008,0
2014-07-18,4609,5,506,1,1,0,0,c,a,1270,9,2008,0
2014-07-17,4685,4,525,1,1,0,0,c,a,1270,9,2008,0
2014-07-16,5424,3,566,1,1,0,0,c,a,1270,9,2008,0
2014-07-15,5298,2,538,1,1,0,0,c,a,1270,9,2008,0
2014-07-14,5083,1,532,1,1,0,0,c,a,1270,9,2008,0
2014-07-12,4409,6,531,1,0,0,0,c,a,1270,9,2008,0
2014-07-11,4020,5,463,1,0,0,0,c,a,1270,9,2008,0
2014-07-10,3741,4,472,1,0,0,0,c,a,1270,9,2008,0
2014-07-09,3547,3,485,1,0,0,0,c,a,1270,9,2008,0
2014-07-08,4081,2,510,1,0,0,0,c,a,1270,9,2008,0
2014-07-07,4223,1,505,1,0,0,0,c,a,1270,9,2008,0
2014-07-05,5176,6,589,1,0,0,0,c,a,1270,9,2008,0
2014-07-04,4025,5,450,1,1,0,0,c,a,1270,9,2008,0
2014-07-03,4756,4,514,1,1,0,0,c,a,1270,9,2008,0
2014-07-02,5161,3,560,1,1,0,0,c,a,1270,9,2008,0
2014-07-01,5138,2,533,1,1,0,0,c,a,1270,9,2008,0
2014-06-30,5738,1,641,1,1,0,0,c,a,1270,9,2008,0
2014-06-28,5162,6,566,1,0,0,0,c,a,1270,9,2008,0
2014-06-27,4019,5,501,1,0,0,0,c,a,1270,9,2008,0
2014-06-26,2749,4,368,1,0,0,0,c,a,1270,9,2008,0
2014-06-25,3727,3,440,1,0,0,0,c,a,1270,9,2008,0
2014-06-24,3351,2,444,1,0,0,0,c,a,1270,9,2008,0
2014-06-23,3755,1,456,1,0,0,0,c,a,1270,9,2008,0
2014-06-21,3982,6,496,1,0,0,0,c,a,1270,9,2008,0
2014-06-20,6362,5,709,1,1,0,0,c,a,1270,9,2008,0
2014-06-18,5256,3,567,1,1,0,0,c,a,1270,9,2008,0
2014-06-17,5770,2,594,1,1,0,0,c,a,1270,9,2008,0
2014-06-16,4788,1,529,1,1,0,0,c,a,1270,9,2008,0
2014-06-14,4757,6,562,1,0,0,0,c,a,1270,9,2008,0
2014-06-13,3901,5,498,1,0,0,0,c,a,1270,9,2008,0
2014-06-12,3702,4,489,1,0,0,0,c,a,1270,9,2008,0
2014-06-11,4207,3,535,1,0,0,0,c,a,1270,9,2008,0
2014-06-10,4607,2,560,1,0,0,0,c,a,1270,9,2008,0
2014-06-07,4923,6,555,1,0,0,0,c,a,1270,9,2008,0
2014-06-06,4957,5,575,1,1,0,0,c,a,1270,9,2008,0
2014-06-05,5278,4,585,1,1,0,0,c,a,1270,9,2008,0
2014-06-04,5229,3,570,1,1,0,0,c,a,1270,9,2008,0
2014-06-03,5614,2,593,1,1,0,0,c,a,1270,9,2008,0
2014-06-02,6071,1,609,1,1,0,0,c,a,1270,9,2008,0
2014-05-31,4985,6,560,1,0,0,0,c,a,1270,9,2008,0
2014-05-30,5407,5,628,1,0,0,0,c,a,1270,9,2008,0
2014-05-28,4616,3,581,1,0,0,0,c,a,1270,9,2008,0
2014-05-27,3971,2,511,1,0,0,0,c,a,1270,9,2008,0
2014-05-26,3912,1,494,1,0,0,0,c,a,1270,9,2008,0
2014-05-24,4574,6,516,1,0,0,0,c,a,1270,9,2008,0
2014-05-23,4968,5,526,1,1,0,0,c,a,1270,9,2008,0
2014-05-22,3801,4,481,1,1,0,0,c,a,1270,9,2008,0
2014-05-21,4298,3,510,1,1,0,0,c,a,1270,9,2008,0
2014-05-20,4909,2,549,1,1,0,0,c,a,1270,9,2008,0
2014-05-19,5637,1,608,1,1,0,0,c,a,1270,9,2008,0
2014-05-17,3785,6,512,1,0,0,0,c,a,1270,9,2008,0
2014-05-16,3863,5,479,1,0,0,0,c,a,1270,9,2008,0
2014-05-15,3589,4,491,1,0,0,0,c,a,1270,9,2008,0
2014-05-14,3710,3,474,1,0,0,0,c,a,1270,9,2008,0
2014-05-13,3535,2,449,1,0,0,0,c,a,1270,9,2008,0
2014-05-12,3957,1,555,1,0,0,0,c,a,1270,9,2008,0
2014-05-10,5996,6,710,1,0,0,0,c,a,1270,9,2008,0
2014-05-09,5237,5,622,1,1,0,0,c,a,1270,9,2008,0
2014-05-08,5222,4,614,1,1,0,0,c,a,1270,9,2008,0
2014-05-07,5075,3,604,1,1,0,0,c,a,1270,9,2008,0
2014-05-06,5055,2,585,1,1,0,0,c,a,1270,9,2008,0
2014-05-05,5325,1,615,1,1,0,0,c,a,1270,9,2008,0
2014-05-03,5498,6,633,1,0,0,0,c,a,1270,9,2008,0
2014-05-02,6790,5,732,1,1,0,0,c,a,1270,9,2008,0
2014-04-30,5870,3,624,1,1,0,0,c,a,1270,9,2008,0
2014-04-29,5923,2,628,1,1,0,0,c,a,1270,9,2008,0
2014-04-28,5488,1,607,1,1,0,0,c,a,1270,9,2008,0
2014-04-26,3989,6,535,1,0,0,0,c,a,1270,9,2008,0
2014-04-25,3710,5,468,1,0,0,1,c,a,1270,9,2008,0
2014-04-24,3376,4,461,1,0,0,1,c,a,1270,9,2008,0
2014-04-23,3482,3,434,1,0,0,1,c,a,1270,9,2008,0
2014-04-22,4133,2,563,1,0,0,1,c,a,1270,9,2008,0
2014-04-19,5871,6,642,1,0,0,1,c,a,1270,9,2008,0
2014-04-17,6160,4,703,1,1,0,1,c,a,1270,9,2008,0
2014-04-16,6381,3,662,1,1,0,1,c,a,1270,9,2008,0
2014-04-15,6196,2,672,1,1,0,1,c,a,1270,9,2008,0
2014-04-14,6803,1,693,1,1,0,1,c,a,1270,9,2008,0
2014-04-12,4435,6,570,1,0,0,0,c,a,1270,9,2008,0
2014-04-11,3733,5,507,1,0,0,0,c,a,1270,9,2008,0
2014-04-10,3948,4,501,1,0,0,0,c,a,1270,9,2008,0
2014-04-09,3919,3,528,1,0,0,0,c,a,1270,9,2008,0
2014-04-08,3990,2,496,1,0,0,0,c,a,1270,9,2008,0
2014-04-07,3751,1,497,1,0,0,0,c,a,1270,9,2008,0
2014-04-05,4599,6,571,1,0,0,0,c,a,1270,9,2008,0
2014-04-04,4738,5,552,1,1,0,0,c,a,1270,9,2008,0
2014-04-03,4556,4,526,1,1,0,0,c,a,1270,9,2008,0
2014-04-02,4834,3,539,1,1,0,0,c,a,1270,9,2008,0
2014-04-01,5407,2,583,1,1,0,0,c,a,1270,9,2008,0
2014-03-31,6008,1,640,1,1,0,0,c,a,1270,9,2008,0
2014-03-29,4583,6,548,1,0,0,0,c,a,1270,9,2008,0
2014-03-28,3987,5,471,1,0,0,0,c,a,1270,9,2008,0
2014-03-27,3847,4,512,1,0,0,0,c,a,1270,9,2008,0
2014-03-26,3225,3,443,1,0,0,0,c,a,1270,9,2008,0
2014-03-25,3136,2,448,1,0,0,0,c,a,1270,9,2008,0
2014-03-24,3850,1,511,1,0,0,0,c,a,1270,9,2008,0
2014-03-22,5241,6,628,1,0,0,0,c,a,1270,9,2008,0
2014-03-21,4510,5,542,1,1,0,0,c,a,1270,9,2008,0
2014-03-20,4023,4,485,1,1,0,0,c,a,1270,9,2008,0
2014-03-19,4036,3,496,1,1,0,0,c,a,1270,9,2008,0
2014-03-18,5200,2,635,1,1,0,0,c,a,1270,9,2008,0
2014-03-17,5563,1,628,1,1,0,0,c,a,1270,9,2008,0
2014-03-15,5042,6,630,1,0,0,0,c,a,1270,9,2008,0
2014-03-14,3883,5,502,1,0,0,0,c,a,1270,9,2008,0
2014-03-13,3224,4,450,1,0,0,0,c,a,1270,9,2008,0
2014-03-12,3805,3,499,1,0,0,0,c,a,1270,9,2008,0
2014-03-11,3588,2,476,1,0,0,0,c,a,1270,9,2008,0
2014-03-10,3573,1,469,1,0,0,0,c,a,1270,9,2008,0
2014-03-08,4400,6,550,1,0,0,0,c,a,1270,9,2008,0
2014-03-07,5340,5,588,1,1,0,0,c,a,1270,9,2008,0
2014-03-06,4585,4,542,1,1,0,0,c,a,1270,9,2008,0
2014-03-05,4916,3,592,1,1,0,0,c,a,1270,9,2008,0
2014-03-04,5397,2,619,1,1,0,0,c,a,1270,9,2008,0
2014-03-03,6198,1,616,1,1,0,0,c,a,1270,9,2008,0
2014-03-01,5307,6,655,1,0,0,0,c,a,1270,9,2008,0
2014-02-28,5031,5,603,1,0,0,0,c,a,1270,9,2008,0
2014-02-27,3826,4,519,1,0,0,0,c,a,1270,9,2008,0
2014-02-26,4108,3,491,1,0,0,0,c,a,1270,9,2008,0
2014-02-25,3499,2,470,1,0,0,0,c,a,1270,9,2008,0
2014-02-24,3826,1,481,1,0,0,0,c,a,1270,9,2008,0
2014-02-22,4820,6,623,1,0,0,0,c,a,1270,9,2008,0
2014-02-21,4727,5,550,1,1,0,0,c,a,1270,9,2008,0
2014-02-20,4563,4,559,1,1,0,0,c,a,1270,9,2008,0
2014-02-19,4935,3,547,1,1,0,0,c,a,1270,9,2008,0
2014-02-18,4602,2,556,1,1,0,0,c,a,1270,9,2008,0
2014-02-17,5393,1,606,1,1,0,0,c,a,1270,9,2008,0
2014-02-15,5258,6,655,1,0,0,0,c,a,1270,9,2008,0
2014-02-14,4647,5,591,1,0,0,0,c,a,1270,9,2008,0
2014-02-13,3638,4,517,1,0,0,0,c,a,1270,9,2008,0
2014-02-12,3662,3,508,1,0,0,0,c,a,1270,9,2008,0
2014-02-11,3461,2,481,1,0,0,0,c,a,1270,9,2008,0
2014-02-10,3591,1,502,1,0,0,0,c,a,1270,9,2008,0
2014-02-08,4726,6,620,1,0,0,0,c,a,1270,9,2008,0
2014-02-07,5596,5,636,1,1,0,0,c,a,1270,9,2008,0
2014-02-06,4823,4,557,1,1,0,0,c,a,1270,9,2008,0
2014-02-05,5031,3,581,1,1,0,0,c,a,1270,9,2008,0
2014-02-04,5540,2,602,1,1,0,0,c,a,1270,9,2008,0
2014-02-03,5839,1,638,1,1,0,0,c,a,1270,9,2008,0
2014-02-01,5292,6,667,1,0,0,0,c,a,1270,9,2008,0
2014-01-31,4906,5,589,1,0,0,0,c,a,1270,9,2008,0
2014-01-30,4549,4,543,1,0,0,0,c,a,1270,9,2008,0
2014-01-29,3789,3,491,1,0,0,0,c,a,1270,9,2008,0
2014-01-28,3581,2,453,1,0,0,0,c,a,1270,9,2008,0
2014-01-27,3601,1,517,1,0,0,0,c,a,1270,9,2008,0
2014-01-25,4546,6,561,1,0,0,0,c,a,1270,9,2008,0
2014-01-24,5098,5,587,1,1,0,0,c,a,1270,9,2008,0
2014-01-23,4597,4,525,1,1,0,0,c,a,1270,9,2008,0
2014-01-22,4562,3,549,1,1,0,0,c,a,1270,9,2008,0
2014-01-21,5151,2,551,1,1,0,0,c,a,1270,9,2008,0
2014-01-20,6148,1,653,1,1,0,0,c,a,1270,9,2008,0
2014-01-18,5128,6,630,1,0,0,0,c,a,1270,9,2008,0
2014-01-17,3803,5,479,1,0,0,0,c,a,1270,9,2008,0
2014-01-16,3632,4,477,1,0,0,0,c,a,1270,9,2008,0
2014-01-15,3776,3,486,1,0,0,0,c,a,1270,9,2008,0
2014-01-14,3621,2,464,1,0,0,0,c,a,1270,9,2008,0
2014-01-13,3994,1,545,1,0,0,0,c,a,1270,9,2008,0
2014-01-11,4454,6,569,1,0,0,0,c,a,1270,9,2008,0
2014-01-10,4486,5,559,1,1,0,1,c,a,1270,9,2008,0
2014-01-09,4396,4,539,1,1,0,1,c,a,1270,9,2008,0
2014-01-08,4931,3,589,1,1,0,1,c,a,1270,9,2008,0
2014-01-07,5539,2,607,1,1,0,1,c,a,1270,9,2008,0
2014-01-06,6194,1,649,1,1,0,1,c,a,1270,9,2008,0
2014-01-04,5173,6,660,1,0,0,1,c,a,1270,9,2008,0
2014-01-03,4190,5,552,1,0,0,1,c,a,1270,9,2008,0
2014-01-02,4969,4,618,1,0,0,1,c,a,1270,9,2008,0
2013-12-31,2362,2,298,1,0,0,1,c,a,1270,9,2008,0
2013-12-30,7193,1,796,1,0,0,1,c,a,1270,9,2008,0
2013-12-28,5659,6,716,1,0,0,1,c,a,1270,9,2008,0
2013-12-27,6110,5,737,1,0,0,1,c,a,1270,9,2008,0
2013-12-24,3204,2,385,1,0,0,1,c,a,1270,9,2008,0
2013-12-23,9528,1,1130,1,0,0,1,c,a,1270,9,2008,0
2013-12-21,8043,6,927,1,0,0,0,c,a,1270,9,2008,0
2013-12-20,8414,5,895,1,1,0,0,c,a,1270,9,2008,0
2013-12-19,6788,4,782,1,1,0,0,c,a,1270,9,2008,0
2013-12-18,7821,3,828,1,1,0,0,c,a,1270,9,2008,0
2013-12-17,7356,2,808,1,1,0,0,c,a,1270,9,2008,0
2013-12-16,8277,1,825,1,1,0,0,c,a,1270,9,2008,0
2013-12-14,6119,6,743,1,0,0,0,c,a,1270,9,2008,0
2013-12-13,4703,5,594,1,0,0,0,c,a,1270,9,2008,0
2013-12-12,4074,4,558,1,0,0,0,c,a,1270,9,2008,0
2013-12-11,4301,3,543,1,0,0,0,c,a,1270,9,2008,0
2013-12-10,4228,2,581,1,0,0,0,c,a,1270,9,2008,0
2013-12-09,4462,1,576,1,0,0,0,c,a,1270,9,2008,0
2013-12-07,5799,6,723,1,0,0,0,c,a,1270,9,2008,0
2013-12-06,6112,5,673,1,1,0,0,c,a,1270,9,2008,0
2013-12-05,5691,4,685,1,1,0,0,c,a,1270,9,2008,0
2013-12-04,5688,3,627,1,1,0,0,c,a,1270,9,2008,0
2013-12-03,6293,2,658,1,1,0,0,c,a,1270,9,2008,0
2013-12-02,6943,1,754,1,1,0,0,c,a,1270,9,2008,0
2013-11-30,6373,6,730,1,0,0,0,c,a,1270,9,2008,0
2013-11-29,5623,5,665,1,0,0,0,c,a,1270,9,2008,0
2013-11-28,4614,4,585,1,0,0,0,c,a,1270,9,2008,0
2013-11-27,4561,3,530,1,0,0,0,c,a,1270,9,2008,0
2013-11-26,4201,2,524,1,0,0,0,c,a,1270,9,2008,0
2013-11-25,4600,1,575,1,0,0,0,c,a,1270,9,2008,0
2013-11-23,5297,6,614,1,0,0,0,c,a,1270,9,2008,0
2013-11-22,5058,5,581,1,1,0,0,c,a,1270,9,2008,0
2013-11-21,4623,4,545,1,1,0,0,c,a,1270,9,2008,0
2013-11-20,4936,3,586,1,1,0,0,c,a,1270,9,2008,0
2013-11-19,5143,2,583,1,1,0,0,c,a,1270,9,2008,0
2013-11-18,5927,1,681,1,1,0,0,c,a,1270,9,2008,0
2013-11-16,5071,6,616,1,0,0,0,c,a,1270,9,2008,0
2013-11-15,4016,5,504,1,0,0,0,c,a,1270,9,2008,0
2013-11-14,3795,4,502,1,0,0,0,c,a,1270,9,2008,0
2013-11-13,3310,3,464,1,0,0,0,c,a,1270,9,2008,0
2013-11-12,4017,2,507,1,0,0,0,c,a,1270,9,2008,0
2013-11-11,4014,1,519,1,0,0,0,c,a,1270,9,2008,0
2013-11-09,4681,6,582,1,0,0,0,c,a,1270,9,2008,0
2013-11-08,5242,5,583,1,1,0,0,c,a,1270,9,2008,0
2013-11-07,5009,4,575,1,1,0,0,c,a,1270,9,2008,0
2013-11-06,5572,3,611,1,1,0,0,c,a,1270,9,2008,0
2013-11-05,5348,2,628,1,1,0,0,c,a,1270,9,2008,0
2013-11-04,5861,1,620,1,1,0,0,c,a,1270,9,2008,0
2013-11-02,5233,6,653,1,0,0,0,c,a,1270,9,2008,0
2013-11-01,5471,5,707,1,0,0,0,c,a,1270,9,2008,0
2013-10-31,4035,4,514,1,0,0,0,c,a,1270,9,2008,0
2013-10-30,4119,3,496,1,0,0,0,c,a,1270,9,2008,0
2013-10-29,3737,2,479,1,0,0,0,c,a,1270,9,2008,0
2013-10-28,3557,1,494,1,0,0,0,c,a,1270,9,2008,0
2013-10-26,4347,6,535,1,0,0,0,c,a,1270,9,2008,0
2013-10-25,4573,5,576,1,1,0,1,c,a,1270,9,2008,0
2013-10-24,4044,4,498,1,1,0,1,c,a,1270,9,2008,0
2013-10-23,4612,3,505,1,1,0,1,c,a,1270,9,2008,0
2013-10-22,4068,2,504,1,1,0,1,c,a,1270,9,2008,0
2013-10-21,5055,1,571,1,1,0,1,c,a,1270,9,2008,0
2013-10-19,3667,6,479,1,0,0,1,c,a,1270,9,2008,0
2013-10-18,3566,5,490,1,0,0,1,c,a,1270,9,2008,0
2013-10-17,3223,4,446,1,0,0,1,c,a,1270,9,2008,0
2013-10-16,3383,3,452,1,0,0,1,c,a,1270,9,2008,0
2013-10-15,3355,2,457,1,0,0,1,c,a,1270,9,2008,0
2013-10-14,3773,1,478,1,0,0,1,c,a,1270,9,2008,0
2013-10-12,4954,6,608,1,0,0,0,c,a,1270,9,2008,0
2013-10-11,5896,5,670,1,1,0,0,c,a,1270,9,2008,0
2013-10-10,5286,4,596,1,1,0,0,c,a,1270,9,2008,0
2013-10-09,4957,3,596,1,1,0,0,c,a,1270,9,2008,0
2013-10-08,5452,2,592,1,1,0,0,c,a,1270,9,2008,0
2013-10-07,6004,1,626,1,1,0,0,c,a,1270,9,2008,0
2013-10-05,5352,6,662,1,0,0,0,c,a,1270,9,2008,0
2013-10-04,5447,5,619,1,0,0,0,c,a,1270,9,2008,0
2013-10-02,4001,3,509,1,0,0,0,c,a,1270,9,2008,0
2013-10-01,4178,2,508,1,0,0,0,c,a,1270,9,2008,0
2013-09-30,4088,1,516,1,0,0,0,c,a,1270,9,2008,0
2013-09-28,4175,6,538,1,0,0,0,c,a,1270,9,2008,0
2013-09-27,4669,5,548,1,1,0,0,c,a,1270,9,2008,0
2013-09-26,4481,4,537,1,1,0,0,c,a,1270,9,2008,0
2013-09-25,4212,3,500,1,1,0,0,c,a,1270,9,2008,0
2013-09-24,4274,2,492,1,1,0,0,c,a,1270,9,2008,0
2013-09-23,4770,1,542,1,1,0,0,c,a,1270,9,2008,0
2013-09-21,3909,6,522,1,0,0,0,c,a,1270,9,2008,0
2013-09-20,3516,5,494,1,0,0,0,c,a,1270,9,2008,0
2013-09-19,3717,4,469,1,0,0,0,c,a,1270,9,2008,0
2013-09-18,3946,3,507,1,0,0,0,c,a,1270,9,2008,0
2013-09-17,3685,2,502,1,0,0,0,c,a,1270,9,2008,0
2013-09-16,4249,1,568,1,0,0,0,c,a,1270,9,2008,0
2013-09-14,4663,6,619,1,0,0,0,c,a,1270,9,2008,0
2013-09-13,5187,5,559,1,1,0,0,c,a,1270,9,2008,0
2013-09-12,5079,4,586,1,1,0,0,c,a,1270,9,2008,0
2013-09-11,5103,3,580,1,1,0,0,c,a,1270,9,2008,0
2013-09-10,5403,2,599,1,1,0,0,c,a,1270,9,2008,0
2013-09-09,5893,1,601,1,1,0,0,c,a,1270,9,2008,0
2013-09-07,4663,6,555,1,0,0,0,c,a,1270,9,2008,0
2013-09-06,3836,5,466,1,0,0,0,c,a,1270,9,2008,0
2013-09-05,3883,4,465,1,0,0,0,c,a,1270,9,2008,0
2013-09-04,3343,3,444,1,0,0,0,c,a,1270,9,2008,0
2013-09-03,3928,2,507,1,0,0,0,c,a,1270,9,2008,0
2013-09-02,4195,1,496,1,0,0,0,c,a,1270,9,2008,0
2013-08-31,5317,6,598,1,0,0,0,c,a,1270,9,2008,0
2013-08-30,5469,5,612,1,1,0,0,c,a,1270,9,2008,0
2013-08-29,4804,4,534,1,1,0,0,c,a,1270,9,2008,0
2013-08-28,4583,3,507,1,1,0,0,c,a,1270,9,2008,0
2013-08-27,5156,2,556,1,1,0,0,c,a,1270,9,2008,0
2013-08-26,5482,1,613,1,1,0,0,c,a,1270,9,2008,0
2013-08-24,4752,6,601,1,0,0,0,c,a,1270,9,2008,0
2013-08-23,3493,5,445,1,0,0,0,c,a,1270,9,2008,0
2013-08-22,3703,4,498,1,0,0,0,c,a,1270,9,2008,0
2013-08-21,3096,3,441,1,0,0,0,c,a,1270,9,2008,0
2013-08-20,3492,2,475,1,0,0,0,c,a,1270,9,2008,0
2013-08-19,3954,1,513,1,0,0,0,c,a,1270,9,2008,0
2013-08-17,4078,6,503,1,0,0,0,c,a,1270,9,2008,0
2013-08-16,4552,5,527,1,1,0,1,c,a,1270,9,2008,0
2013-08-15,4575,4,538,1,1,0,1,c,a,1270,9,2008,0
2013-08-14,4724,3,574,1,1,0,1,c,a,1270,9,2008,0
2013-08-13,5299,2,573,1,1,0,1,c,a,1270,9,2008,0
2013-08-12,5326,1,600,1,1,0,1,c,a,1270,9,2008,0
2013-08-10,3768,6,457,1,0,0,1,c,a,1270,9,2008,0
2013-08-09,3257,5,418,1,0,0,1,c,a,1270,9,2008,0
2013-08-08,3680,4,466,1,0,0,1,c,a,1270,9,2008,0
2013-08-07,4143,3,512,1,0,0,1,c,a,1270,9,2008,0
2013-08-06,3582,2,477,1,0,0,1,c,a,1270,9,2008,0
2013-08-05,4086,1,522,1,0,0,1,c,a,1270,9,2008,0
2013-08-03,4461,6,553,1,0,0,1,c,a,1270,9,2008,0
2013-08-02,4494,5,562,1,1,0,1,c,a,1270,9,2008,0
2013-08-01,4994,4,555,1,1,0,1,c,a,1270,9,2008,0
2013-07-31,5572,3,624,1,1,0,1,c,a,1270,9,2008,0
2013-07-30,5773,2,630,1,1,0,1,c,a,1270,9,2008,0
2013-07-29,6290,1,630,1,1,0,1,c,a,1270,9,2008,0
2013-07-27,3352,6,456,1,0,0,1,c,a,1270,9,2008,0
2013-07-26,4221,5,516,1,0,0,1,c,a,1270,9,2008,0
2013-07-25,3502,4,451,1,0,0,1,c,a,1270,9,2008,0
2013-07-24,3849,3,453,1,0,0,1,c,a,1270,9,2008,0
2013-07-23,3937,2,497,1,0,0,1,c,a,1270,9,2008,0
2013-07-22,4149,1,493,1,0,0,1,c,a,1270,9,2008,0
2013-07-20,4421,6,544,1,0,0,1,c,a,1270,9,2008,0
2013-07-19,4275,5,495,1,1,0,1,c,a,1270,9,2008,0
2013-07-18,4904,4,533,1,1,0,1,c,a,1270,9,2008,0
2013-07-17,4946,3,544,1,1,0,1,c,a,1270,9,2008,0
2013-07-16,5643,2,582,1,1,0,1,c,a,1270,9,2008,0
2013-07-15,6377,1,657,1,1,0,1,c,a,1270,9,2008,0
2013-07-13,4015,6,490,1,0,0,1,c,a,1270,9,2008,0
2013-07-12,4134,5,514,1,0,0,1,c,a,1270,9,2008,0
2013-07-11,4053,4,486,1,0,0,1,c,a,1270,9,2008,0
2013-07-10,3963,3,496,1,0,0,1,c,a,1270,9,2008,0
2013-07-09,4047,2,503,1,0,0,1,c,a,1270,9,2008,0
2013-07-08,4475,1,523,1,0,0,1,c,a,1270,9,2008,0
2013-07-06,4090,6,498,1,0,0,1,c,a,1270,9,2008,0
2013-07-05,4986,5,603,1,1,0,0,c,a,1270,9,2008,0
2013-07-04,5701,4,634,1,1,0,0,c,a,1270,9,2008,0
2013-07-03,5875,3,634,1,1,0,0,c,a,1270,9,2008,0
2013-07-02,5868,2,614,1,1,0,0,c,a,1270,9,2008,0
2013-07-01,5614,1,614,1,1,0,0,c,a,1270,9,2008,0
2013-06-29,5804,6,671,1,0,0,0,c,a,1270,9,2008,0
2013-06-28,4407,5,568,1,0,0,0,c,a,1270,9,2008,0
2013-06-27,3593,4,464,1,0,0,0,c,a,1270,9,2008,0
2013-06-26,3827,3,508,1,0,0,0,c,a,1270,9,2008,0
2013-06-25,4536,2,528,1,0,0,0,c,a,1270,9,2008,0
2013-06-24,3549,1,494,1,0,0,0,c,a,1270,9,2008,0
2013-06-22,4341,6,512,1,0,0,0,c,a,1270,9,2008,0
2013-06-21,5173,5,542,1,1,0,0,c,a,1270,9,2008,0
2013-06-20,5011,4,539,1,1,0,0,c,a,1270,9,2008,0
2013-06-19,4180,3,517,1,1,0,0,c,a,1270,9,2008,0
2013-06-18,4633,2,554,1,1,0,0,c,a,1270,9,2008,0
2013-06-17,5337,1,585,1,1,0,0,c,a,1270,9,2008,0
2013-06-15,4766,6,567,1,0,0,0,c,a,1270,9,2008,0
2013-06-14,4150,5,529,1,0,0,0,c,a,1270,9,2008,0
2013-06-13,3661,4,461,1,0,0,0,c,a,1270,9,2008,0
2013-06-12,3563,3,476,1,0,0,0,c,a,1270,9,2008,0
2013-06-11,3784,2,500,1,0,0,0,c,a,1270,9,2008,0
2013-06-10,4291,1,531,1,0,0,0,c,a,1270,9,2008,0
2013-06-08,4262,6,511,1,0,0,0,c,a,1270,9,2008,0
2013-06-07,4315,5,541,1,1,0,0,c,a,1270,9,2008,0
2013-06-06,4881,4,555,1,1,0,0,c,a,1270,9,2008,0
2013-06-05,5012,3,575,1,1,0,0,c,a,1270,9,2008,0
2013-06-04,5220,2,558,1,1,0,0,c,a,1270,9,2008,0
2013-06-03,5422,1,619,1,1,0,0,c,a,1270,9,2008,0
2013-06-01,5693,6,662,1,0,0,0,c,a,1270,9,2008,0
2013-05-31,7893,5,795,1,1,0,0,c,a,1270,9,2008,0
2013-05-29,5784,3,641,1,1,0,0,c,a,1270,9,2008,0
2013-05-28,4995,2,555,1,1,0,0,c,a,1270,9,2008,0
2013-05-27,5519,1,606,1,1,0,0,c,a,1270,9,2008,0
2013-05-25,4408,6,538,1,0,0,0,c,a,1270,9,2008,0
2013-05-24,4232,5,534,1,0,0,0,c,a,1270,9,2008,0
2013-05-23,4030,4,536,1,0,0,0,c,a,1270,9,2008,0
2013-05-22,3559,3,507,1,0,0,0,c,a,1270,9,2008,0
2013-05-21,4789,2,602,1,0,0,0,c,a,1270,9,2008,0
2013-05-18,4413,6,535,1,0,0,0,c,a,1270,9,2008,0
2013-05-17,4856,5,597,1,1,0,0,c,a,1270,9,2008,0
2013-05-16,4448,4,544,1,1,0,0,c,a,1270,9,2008,0
2013-05-15,4790,3,576,1,1,0,0,c,a,1270,9,2008,0
2013-05-14,5083,2,574,1,1,0,0,c,a,1270,9,2008,0
2013-05-13,6106,1,660,1,1,0,0,c,a,1270,9,2008,0
2013-05-11,5064,6,640,1,0,0,0,c,a,1270,9,2008,0
2013-05-10,5409,5,644,1,0,0,0,c,a,1270,9,2008,0
2013-05-08,5230,3,631,1,0,0,0,c,a,1270,9,2008,0
2013-05-07,4624,2,540,1,0,0,0,c,a,1270,9,2008,0
2013-05-06,4568,1,562,1,0,0,0,c,a,1270,9,2008,0
2013-05-04,5912,6,813,1,0,0,0,c,a,1270,9,2008,0
2013-05-03,6027,5,658,1,1,0,0,c,a,1270,9,2008,0
2013-05-02,6486,4,677,1,1,0,0,c,a,1270,9,2008,0
2013-04-30,5925,2,665,1,1,0,0,c,a,1270,9,2008,0
2013-04-29,5821,1,641,1,1,0,0,c,a,1270,9,2008,0
2013-04-27,5726,6,650,1,0,0,0,c,a,1270,9,2008,0
2013-04-26,4841,5,572,1,1,0,0,c,a,1270,9,2008,0
2013-04-25,3939,4,532,1,1,0,0,c,a,1270,9,2008,0
2013-04-24,4309,3,512,1,1,0,0,c,a,1270,9,2008,0
2013-04-23,4492,2,560,1,1,0,0,c,a,1270,9,2008,0
2013-04-22,5672,1,623,1,1,0,0,c,a,1270,9,2008,0
2013-04-20,4350,6,546,1,0,0,0,c,a,1270,9,2008,0
2013-04-19,4303,5,526,1,0,0,0,c,a,1270,9,2008,0
2013-04-18,2952,4,432,1,0,0,0,c,a,1270,9,2008,0
2013-04-17,3649,3,500,1,0,0,0,c,a,1270,9,2008,0
2013-04-16,3357,2,453,1,0,0,0,c,a,1270,9,2008,0
2013-04-15,3941,1,526,1,0,0,0,c,a,1270,9,2008,0
2013-04-13,4773,6,608,1,0,0,0,c,a,1270,9,2008,0
2013-04-12,5263,5,614,1,1,0,0,c,a,1270,9,2008,0
2013-04-11,4366,4,541,1,1,0,0,c,a,1270,9,2008,0
2013-04-10,4903,3,575,1,1,0,0,c,a,1270,9,2008,0
2013-04-09,5514,2,594,1,1,0,0,c,a,1270,9,2008,0
2013-04-08,6046,1,695,1,1,0,0,c,a,1270,9,2008,0
2013-04-06,5075,6,657,1,0,0,0,c,a,1270,9,2008,0
2013-04-05,4390,5,571,1,0,0,1,c,a,1270,9,2008,0
2013-04-04,4293,4,566,1,0,0,1,c,a,1270,9,2008,0
2013-04-03,4625,3,594,1,0,0,1,c,a,1270,9,2008,0
2013-04-02,5484,2,629,1,0,0,1,c,a,1270,9,2008,0
2013-03-30,7132,6,773,1,0,0,0,c,a,1270,9,2008,0
2013-03-28,7285,4,902,1,1,0,1,c,a,1270,9,2008,0
2013-03-27,6660,3,779,1,1,0,1,c,a,1270,9,2008,0
2013-03-26,6686,2,747,1,1,0,1,c,a,1270,9,2008,0
2013-03-25,6729,1,777,1,1,0,1,c,a,1270,9,2008,0
2013-03-23,5603,6,682,1,0,0,0,c,a,1270,9,2008,0
2013-03-22,5506,5,694,1,1,0,0,c,a,1270,9,2008,0
2013-03-21,5179,4,662,1,1,0,0,c,a,1270,9,2008,0
2013-03-20,5598,3,688,1,1,0,0,c,a,1270,9,2008,0
2013-03-19,6563,2,719,1,1,0,0,c,a,1270,9,2008,0
2013-03-18,7072,1,778,1,1,0,0,c,a,1270,9,2008,0
2013-03-16,5003,6,680,1,0,0,0,c,a,1270,9,2008,0
2013-03-15,4925,5,677,1,0,0,0,c,a,1270,9,2008,0
2013-03-14,5108,4,660,1,0,0,0,c,a,1270,9,2008,0
2013-03-13,4341,3,622,1,0,0,0,c,a,1270,9,2008,0
2013-03-12,3853,2,491,1,0,0,0,c,a,1270,9,2008,0
2013-03-11,4949,1,618,1,0,0,0,c,a,1270,9,2008,0
2013-03-09,5578,6,734,1,0,0,0,c,a,1270,9,2008,0
2013-03-08,5853,5,694,1,1,0,0,c,a,1270,9,2008,0
2013-03-07,5637,4,702,1,1,0,0,c,a,1270,9,2008,0
2013-03-06,5973,3,678,1,1,0,0,c,a,1270,9,2008,0
2013-03-05,6300,2,715,1,1,0,0,c,a,1270,9,2008,0
2013-03-04,7675,1,840,1,1,0,0,c,a,1270,9,2008,0
2013-03-02,5350,6,678,1,0,0,0,c,a,1270,9,2008,0
2013-03-01,4611,5,584,1,0,0,0,c,a,1270,9,2008,0
2013-02-28,4676,4,581,1,0,0,0,c,a,1270,9,2008,0
2013-02-27,4558,3,579,1,0,0,0,c,a,1270,9,2008,0
2013-02-26,3794,2,525,1,0,0,0,c,a,1270,9,2008,0
2013-02-25,4038,1,534,1,0,0,0,c,a,1270,9,2008,0
2013-02-23,5237,6,650,1,0,0,0,c,a,1270,9,2008,0
2013-02-22,5000,5,599,1,1,0,0,c,a,1270,9,2008,0
2013-02-21,5261,4,629,1,1,0,0,c,a,1270,9,2008,0
2013-02-20,5660,3,684,1,1,0,0,c,a,1270,9,2008,0
2013-02-19,5386,2,608,1,1,0,0,c,a,1270,9,2008,0
2013-02-18,6407,1,710,1,1,0,0,c,a,1270,9,2008,0
2013-02-16,6154,6,682,1,0,0,0,c,a,1270,9,2008,0
2013-02-15,4809,5,607,1,0,0,0,c,a,1270,9,2008,0
2013-02-14,4241,4,573,1,0,0,0,c,a,1270,9,2008,0
2013-02-13,4252,3,604,1,0,0,0,c,a,1270,9,2008,0
2013-02-12,4015,2,572,1,0,0,0,c,a,1270,9,2008,0
2013-02-11,4409,1,599,1,0,0,0,c,a,1270,9,2008,0
2013-02-09,5370,6,656,1,0,0,0,c,a,1270,9,2008,0
2013-02-08,5681,5,630,1,1,0,0,c,a,1270,9,2008,0
2013-02-07,5499,4,675,1,1,0,0,c,a,1270,9,2008,0
2013-02-06,6140,3,693,1,1,0,0,c,a,1270,9,2008,0
2013-02-05,6049,2,678,1,1,0,0,c,a,1270,9,2008,0
2013-02-04,7032,1,762,1,1,0,0,c,a,1270,9,2008,0
2013-02-02,5970,6,701,1,0,0,0,c,a,1270,9,2008,0
2013-02-01,5633,5,658,1,0,0,0,c,a,1270,9,2008,0
2013-01-31,4709,4,571,1,0,0,0,c,a,1270,9,2008,0
2013-01-30,4601,3,560,1,0,0,0,c,a,1270,9,2008,0
2013-01-29,3725,2,522,1,0,0,0,c,a,1270,9,2008,0
2013-01-28,4055,1,549,1,0,0,0,c,a,1270,9,2008,0
2013-01-26,5598,6,640,1,0,0,0,c,a,1270,9,2008,0
2013-01-25,5586,5,676,1,1,0,0,c,a,1270,9,2008,0
2013-01-24,5195,4,645,1,1,0,0,c,a,1270,9,2008,0
2013-01-23,5578,3,627,1,1,0,0,c,a,1270,9,2008,0
2013-01-22,5720,2,667,1,1,0,0,c,a,1270,9,2008,0
2013-01-21,5394,1,607,1,1,0,0,c,a,1270,9,2008,0
2013-01-19,5182,6,688,1,0,0,0,c,a,1270,9,2008,0
2013-01-18,4127,5,568,1,0,0,0,c,a,1270,9,2008,0
2013-01-17,4044,4,503,1,0,0,0,c,a,1270,9,2008,0
2013-01-16,4008,3,530,1,0,0,0,c,a,1270,9,2008,0
2013-01-15,3900,2,512,1,0,0,0,c,a,1270,9,2008,0
2013-01-14,4717,1,616,1,0,0,0,c,a,1270,9,2008,0
2013-01-12,4952,6,646,1,0,0,0,c,a,1270,9,2008,0
2013-01-11,4881,5,592,1,1,0,1,c,a,1270,9,2008,0
2013-01-10,4892,4,615,1,1,0,1,c,a,1270,9,2008,0
2013-01-09,5471,3,626,1,1,0,1,c,a,1270,9,2008,0
2013-01-08,5580,2,654,1,1,0,1,c,a,1270,9,2008,0
2013-01-07,7176,1,785,1,1,0,1,c,a,1270,9,2008,0
2013-01-05,4997,6,635,1,0,0,1,c,a,1270,9,2008,0
2013-01-04,4486,5,619,1,0,0,1,c,a,1270,9,2008,0
2013-01-03,4327,4,578,1,0,0,1,c,a,1270,9,2008,0
2013-01-02,5530,3,668,1,0,0,1,c,a,1270,9,2008,0
